{"name":"6511dc43-ab28-417e-83a3-4ff18df53f08","id":"/providers/Microsoft.Flow/flows/6511dc43-ab28-417e-83a3-4ff18df53f08","type":"Microsoft.Flow/flows","properties":{"apiId":"/providers/Microsoft.PowerApps/apis/shared_logicflows","displayName":"Create Team","definition":{"metadata":{"workflowEntityId":null,"creator":{"id":"62e61612-7e1a-40f0-99a8-b881c502a722","type":"User","tenantId":"f55ce5a3-27bc-4451-8ad8-f1a4359e8fa5"},"provisioningMethod":"FromDefinition","failureAlertSubscription":true,"clientLastModifiedTime":"2020-07-07T14:32:57.8694124Z"},"$schema":"https://schema.management.azure.com/providers/Microsoft.Logic/schemas/2016-06-01/workflowdefinition.json#","contentVersion":"1.0.0.0","parameters":{"$connections":{"defaultValue":{},"type":"Object"},"$authentication":{"defaultValue":{},"type":"SecureObject"}},"triggers":{"When_a_new_response_is_submitted":{"splitOn":"@triggerOutputs()?['body/value']","type":"OpenApiConnectionWebhook","inputs":{"host":{"apiId":"/providers/Microsoft.PowerApps/apis/shared_microsoftforms","connectionName":"shared_microsoftforms","operationId":"CreateFormWebhook"},"parameters":{"form_id":"o-Vc9bwnUUSK2PGkNZ6PpRIW5mIafvBAmai4gcUCpyJUNkNaOFhHRklZUlNCUVBSUVUySkw5RzRXUS4u"},"authentication":"@parameters('$authentication')"}}},"actions":{"Create_job_in_Azure_Automation":{"runAfter":{"Get_response_details":["Succeeded"]},"type":"OpenApiConnection","inputs":{"host":{"apiId":"/providers/Microsoft.PowerApps/apis/shared_azureautomation","connectionName":"shared_azureautomation","operationId":"CreateJob"},"parameters":{"subscriptionId":"b0fb44eb-307c-489e-927c-4afd0bb35c1b","resourceGroupName":"rg-htd3v365-dev","automationAccount":"aa-htd3v365-teams","runbookName":"new-team","wait":true,"body/properties/parameters/teamname":"@outputs('Get_response_details')?['body/r0531738f1d514deb8222b38027154803']","body/properties/parameters/teamowner":"@outputs('Get_response_details')?['body/rc77595b511244852b8091bed3713937c']","body/properties/parameters/teamDescription":"@outputs('Get_response_details')?['body/re49520fcba4e44fcb56fc9ed5dd2f36f']","body/properties/parameters/teamVisibility":"@outputs('Get_response_details')?['body/rb890c9c1035a451c9c6e952b3fec2ef6']"},"authentication":"@parameters('$authentication')"}},"Ping_message_to_requester_about_Team_creation":{"runAfter":{"Create_job_in_Azure_Automation":["Succeeded"]},"type":"OpenApiConnection","inputs":{"host":{"apiId":"/providers/Microsoft.PowerApps/apis/shared_teams","connectionName":"shared_teams","operationId":"PostUserNotification"},"parameters":{"PostNotificationRequest/messageTitle":"🎉 Your team  @{outputs('Get_response_details')?['body/r0531738f1d514deb8222b38027154803']} has been created 🎉","PostNotificationRequest/recipient/to":"@{outputs('Get_response_details')?['body/responder']};","PostNotificationRequest/messageBody":"Thank you for requesting a team - you should be able to see it in the list of teams you have available."},"authentication":"@parameters('$authentication')"}},"Get_response_details":{"runAfter":{},"type":"OpenApiConnection","inputs":{"host":{"apiId":"/providers/Microsoft.PowerApps/apis/shared_microsoftforms","connectionName":"shared_microsoftforms","operationId":"GetFormResponseById"},"parameters":{"form_id":"o-Vc9bwnUUSK2PGkNZ6PpRIW5mIafvBAmai4gcUCpyJUNkNaOFhHRklZUlNCUVBSUVUySkw5RzRXUS4u","response_id":"@triggerOutputs()?['body/resourceData/responseId']"},"authentication":"@parameters('$authentication')"}},"Log_in_SP_list":{"runAfter":{"Ping_message_to_requester_about_Team_creation":["Succeeded"]},"type":"OpenApiConnection","inputs":{"host":{"apiId":"/providers/Microsoft.PowerApps/apis/shared_sharepointonline","connectionName":"shared_sharepointonline","operationId":"PostItem"},"parameters":{"dataset":"https://htd3v.sharepoint.com/sites/htd3v","table":"e2b2ed91-6253-44df-b0a3-1f2ac2dd8690","item/Title":"@outputs('Get_response_details')?['body/r0531738f1d514deb8222b38027154803']","item/Description":"@outputs('Get_response_details')?['body/re49520fcba4e44fcb56fc9ed5dd2f36f']"},"authentication":"@parameters('$authentication')"}}}},"connectionReferences":{"shared_azureautomation":{"connectionName":"shared-azureautomati-57ac4261-ba12-436c-89c5-dbc43a6143c7","source":"Embedded","id":"/providers/Microsoft.PowerApps/apis/shared_azureautomation","tier":"NotSpecified"},"shared_teams":{"connectionName":"86cdf72002f74dcea1a99f1eb11a4989","source":"Embedded","id":"/providers/Microsoft.PowerApps/apis/shared_teams","tier":"NotSpecified"},"shared_microsoftforms":{"connectionName":"shared-microsoftform-e81a4e84-ab37-4fa9-b3f2-42abadf98cdf","source":"Embedded","id":"/providers/Microsoft.PowerApps/apis/shared_microsoftforms","tier":"NotSpecified"},"shared_sharepointonline":{"connectionName":"8966c484b3154759a9ac88e8a63bde62","source":"Embedded","id":"/providers/Microsoft.PowerApps/apis/shared_sharepointonline","tier":"NotSpecified"}},"flowFailureAlertSubscribed":false}}