{"name":"e7bef25a-5fc6-4392-bc9e-de9649e15d75","id":"/providers/Microsoft.Flow/flows/e7bef25a-5fc6-4392-bc9e-de9649e15d75","type":"Microsoft.Flow/flows","properties":{"apiId":"/providers/Microsoft.PowerApps/apis/shared_logicflows","displayName":"Mass Email from CSV V2","definition":{"metadata":{"workflowEntityId":null,"flowclientsuspensionreason":"None","flowclientsuspensiontime":null,"creator":{"id":"62e61612-7e1a-40f0-99a8-b881c502a722","type":"User","tenantId":"f55ce5a3-27bc-4451-8ad8-f1a4359e8fa5"},"provisioningMethod":"FromDefinition","failureAlertSubscription":true,"clientLastModifiedTime":"2020-09-29T14:51:42.3928945Z"},"$schema":"https://schema.management.azure.com/providers/Microsoft.Logic/schemas/2016-06-01/workflowdefinition.json#","contentVersion":"1.0.0.0","parameters":{"$connections":{"defaultValue":{},"type":"Object"},"$authentication":{"defaultValue":{},"type":"SecureObject"}},"triggers":{"manual":{"type":"Request","kind":"Button","inputs":{"schema":{"type":"object","properties":{},"required":[]}}}},"actions":{"Email_Each_Address":{"foreach":"@outputs('Split_Emails_by_Row')","actions":{"Check_if_Email_Blank":{"actions":{"Send_an_email_(V2)":{"runAfter":{},"type":"OpenApiConnection","inputs":{"host":{"apiId":"/providers/Microsoft.PowerApps/apis/shared_office365","connectionName":"shared_office365","operationId":"SendEmailV2"},"parameters":{"emailMessage/To":"@items('Email_Each_Address')","emailMessage/Subject":"This is a subject","emailMessage/Body":"<p>This is a generic message to a user!</p>","emailMessage/From":"@variables('Send_From_Address')"},"authentication":{"value":"@json(decodeBase64(triggerOutputs().headers['X-MS-APIM-Tokens']))['$ConnectionKey']","type":"Raw"}}}},"runAfter":{},"expression":{"not":{"equals":["@items('Email_Each_Address')",""]}},"type":"If"}},"runAfter":{"Split_Emails_by_Row":["Succeeded"]},"type":"Foreach"},"Send_From_Email":{"runAfter":{},"type":"InitializeVariable","inputs":{"variables":[{"name":"Send_From_Address","type":"string"}]}},"Get_Emails_from_CSV":{"runAfter":{"Send_From_Email":["Succeeded"]},"metadata":{"b!JepHutPXUEiTMdiFiC8ZNkaxH4Esh_dHuM1GIdn6-SN4zS7uxVEjRqe5f3Q1lLO3.014Q7TIO434UBVWTFKGBC3UILILBYL6OSQ":"/MassEmailList_CSV.csv","b!JepHutPXUEiTMdiFiC8ZNkaxH4Esh_dHuM1GIdn6-SN4zS7uxVEjRqe5f3Q1lLO3.014Q7TIO7GILGTZK7D7ZD2PH76XSDWFAXE":"/MassEmailList_CSV.csv"},"type":"OpenApiConnection","inputs":{"host":{"apiId":"/providers/Microsoft.PowerApps/apis/shared_onedriveforbusiness","connectionName":"shared_onedriveforbusiness","operationId":"GetFileContent"},"parameters":{"id":"b!JepHutPXUEiTMdiFiC8ZNkaxH4Esh_dHuM1GIdn6-SN4zS7uxVEjRqe5f3Q1lLO3.014Q7TIO7GILGTZK7D7ZD2PH76XSDWFAXE","inferContentType":true},"authentication":{"value":"@json(decodeBase64(triggerOutputs().headers['X-MS-APIM-Tokens']))['$ConnectionKey']","type":"Raw"}}},"Split_Emails_by_Row":{"runAfter":{"Get_Emails_from_CSV":["Succeeded"]},"type":"Compose","inputs":"@split(outputs('Get_Emails_from_CSV')?['body'],'\r\n')"}}},"connectionReferences":{"shared_office365":{"connectionName":"shared-office365-ab4fc36b-1764-4508-bf25-7ef1a8a8a385","source":"Invoker","id":"/providers/Microsoft.PowerApps/apis/shared_office365","tier":"NotSpecified"},"shared_onedriveforbusiness":{"connectionName":"shared-onedriveforbu-5fa091f7-10db-4fc2-8d05-1815dd77a867","source":"Invoker","id":"/providers/Microsoft.PowerApps/apis/shared_onedriveforbusiness","tier":"NotSpecified"}},"flowFailureAlertSubscribed":false}}