{"name":"8d87b099-dfa4-4de2-82c0-248d6ad070c7","id":"/providers/Microsoft.Flow/flows/8d87b099-dfa4-4de2-82c0-248d6ad070c7","type":"Microsoft.Flow/flows","properties":{"apiId":"/providers/Microsoft.PowerApps/apis/shared_logicflows","displayName":"Import Teams","definition":{"metadata":{"workflowEntityId":null,"flowclientsuspensionreason":"None","flowclientsuspensiontime":null,"creator":{"id":"62e61612-7e1a-40f0-99a8-b881c502a722","type":"User","tenantId":"f55ce5a3-27bc-4451-8ad8-f1a4359e8fa5"},"provisioningMethod":"FromDefinition","failureAlertSubscription":true,"clientLastModifiedTime":"2020-09-22T17:41:18.0776964Z"},"$schema":"https://schema.management.azure.com/providers/Microsoft.Logic/schemas/2016-06-01/workflowdefinition.json#","contentVersion":"1.0.0.0","parameters":{"$connections":{"defaultValue":{},"type":"Object"},"$authentication":{"defaultValue":{},"type":"SecureObject"}},"triggers":{"Recurrence":{"recurrence":{"frequency":"Minute","interval":10},"type":"Recurrence"}},"actions":{"Check_if_item_exists":{"foreach":"@outputs('List_teams')?['body/value']","actions":{"Get_items":{"runAfter":{},"type":"OpenApiConnection","inputs":{"host":{"apiId":"/providers/Microsoft.PowerApps/apis/shared_sharepointonline","connectionName":"shared_sharepointonline","operationId":"GetItems"},"parameters":{"dataset":"https://htd3v.sharepoint.com/sites/htd3v","table":"e2b2ed91-6253-44df-b0a3-1f2ac2dd8690","$filter":"Title eq '@{items('Check_if_item_exists')?['displayName']}'"},"authentication":"@parameters('$authentication')"}},"Check_if_Team_Exists":{"actions":{"GET_Team_Owners":{"runAfter":{},"type":"Http","inputs":{"method":"GET","uri":"https://graph.microsoft.com/v1.0/groups/@{items('Check_if_item_exists')?['id']}/owners","authentication":{"type":"ActiveDirectoryOAuth","tenant":"@variables('Tenant ID')","audience":"https://graph.microsoft.com","clientId":"@variables('Client ID')","secret":"@variables('Secret')"},"retryPolicy":{"type":"fixed","count":10,"interval":"PT1M"}}},"Parse_Team_Owners":{"runAfter":{"GET_Team_Owners":["Succeeded"]},"type":"ParseJson","inputs":{"content":"@body('GET_Team_Owners')","schema":{"type":"object","properties":{"@@odata.context":{"type":"string"},"value":{"type":"array","items":{"type":"object","properties":{"@@odata.type":{"type":"string"},"id":{"type":"string"},"displayName":{"type":"string"},"mail":{"type":"string"},"userPrincipalName":{"type":"string"}}}}}}}},"Add_Team_Info_to_List":{"runAfter":{"Parse_Team_Visibility":["Succeeded"]},"type":"OpenApiConnection","inputs":{"host":{"apiId":"/providers/Microsoft.PowerApps/apis/shared_sharepointonline","connectionName":"shared_sharepointonline","operationId":"PostItem"},"parameters":{"dataset":"https://htd3v.sharepoint.com/sites/htd3v","table":"e2b2ed91-6253-44df-b0a3-1f2ac2dd8690","item/Title":"@items('Check_if_item_exists')?['displayName']","item/TeamID":"@items('Check_if_item_exists')?['id']","item/Description":"@items('Check_if_item_exists')?['description']","item/Owner":"@variables('TeamOwners')","item/MemberCount":"@outputs('Team_Members_Count')","item/OwnerCount":"@outputs('Team_Owners_Count')","item/TeamVisibility":"@body('Parse_Team_Visibility')?['visibility']"},"authentication":"@parameters('$authentication')"}},"Append_Team_Owners_String":{"foreach":"@body('Parse_Team_Owners')?['value']","actions":{"Append_to_string_variable":{"runAfter":{},"type":"AppendToStringVariable","inputs":{"name":"TeamOwners","value":"@{items('Append_Team_Owners_String')?['mail']}; "}}},"runAfter":{"Team_Owners_Count":["Succeeded"]},"type":"Foreach"},"Reset_VAR":{"runAfter":{"Add_Team_Info_to_List":["Succeeded"]},"type":"SetVariable","inputs":{"name":"TeamOwners","value":"@variables('EmptyVar')"}},"Team_Owners_Count":{"runAfter":{"Parse_Team_Owners":["Succeeded"]},"type":"Compose","inputs":"@length(body('Parse_Team_Owners')?['value'])"},"GET_Team_Members":{"runAfter":{"Append_Team_Owners_String":["Succeeded"]},"type":"Http","inputs":{"method":"GET","uri":"https://graph.microsoft.com/v1.0/groups/@{item()?['id']}/members","authentication":{"type":"ActiveDirectoryOAuth","tenant":"@variables('Tenant ID')","audience":"https://graph.microsoft.com","clientId":"@variables('Client ID')","secret":"@variables('Secret')"}}},"Parse_Team_Members":{"runAfter":{"GET_Team_Members":["Succeeded"]},"type":"ParseJson","inputs":{"content":"@body('GET_Team_Members')","schema":{"type":"object","properties":{"@@odata.context":{"type":"string"},"value":{"type":"array","items":{"type":"object","properties":{"mail":{"type":"string"}}}}}}}},"Team_Members_Count":{"runAfter":{"Parse_Team_Members":["Succeeded"]},"type":"Compose","inputs":"@length(body('Parse_Team_Members')?['value'])"},"GET_Team_Visibility":{"runAfter":{"Team_Members_Count":["Succeeded"]},"type":"Http","inputs":{"method":"GET","uri":"https://graph.microsoft.com/v1.0/groups/@{items('Check_if_item_exists')?['id']}","authentication":{"type":"ActiveDirectoryOAuth","tenant":"@variables('Tenant ID')","audience":"https://graph.microsoft.com","clientId":"@variables('Client ID')","secret":"@variables('Secret')"}}},"Parse_Team_Visibility":{"runAfter":{"GET_Team_Visibility":["Succeeded"]},"type":"ParseJson","inputs":{"content":"@body('GET_Team_Visibility')","schema":{"type":"object","properties":{"visibility":{"type":"string"}}}}}},"runAfter":{"Get_items":["Succeeded"]},"expression":{"equals":[0,"@length(body('Get_items')?['value'])"]},"type":"If"}},"runAfter":{"List_Teams":["Succeeded"]},"type":"Foreach"},"List_Teams":{"runAfter":{"Empty_INIT_VAR":["Succeeded"]},"type":"OpenApiConnection","inputs":{"host":{"apiId":"/providers/Microsoft.PowerApps/apis/shared_teams","connectionName":"shared_teams","operationId":"GetAllTeams"},"parameters":{},"authentication":"@parameters('$authentication')"}},"TeamOwners_INIT_VAR":{"runAfter":{"Secret_INIT_VAR":["Succeeded"]},"type":"InitializeVariable","inputs":{"variables":[{"name":"TeamOwners","type":"string"}]}},"Empty_INIT_VAR":{"runAfter":{"TeamOwners_INIT_VAR":["Succeeded"]},"type":"InitializeVariable","inputs":{"variables":[{"name":"EmptyVar","type":"string"}]}},"Tenant_ID_INIT_VAR":{"runAfter":{},"type":"InitializeVariable","inputs":{"variables":[{"name":"Tenant ID","type":"string","value":"htd3v.onmicrosoft.com"}]}},"Client_ID_INIT_VAR":{"runAfter":{"Tenant_ID_INIT_VAR":["Succeeded"]},"type":"InitializeVariable","inputs":{"variables":[{"name":"Client ID","type":"string","value":"597d9765-7332-4269-a907-0bfa311245d4"}]}},"Secret_INIT_VAR":{"runAfter":{"Client_ID_INIT_VAR":["Succeeded"]},"type":"InitializeVariable","inputs":{"variables":[{"name":"Secret","type":"string","value":"f6q-IDRwj7Cq.Pvu93k~1wT~Q-DwF8P~~4"}]}}}},"connectionReferences":{"shared_sharepointonline":{"connectionName":"8966c484b3154759a9ac88e8a63bde62","source":"Embedded","id":"/providers/Microsoft.PowerApps/apis/shared_sharepointonline","tier":"NotSpecified"},"shared_teams":{"connectionName":"86cdf72002f74dcea1a99f1eb11a4989","source":"Embedded","id":"/providers/Microsoft.PowerApps/apis/shared_teams","tier":"NotSpecified"}},"flowFailureAlertSubscribed":false}}