{"name":"f2d1c05a-3688-4a56-8cd0-a616770eb980","id":"/providers/Microsoft.Flow/flows/f2d1c05a-3688-4a56-8cd0-a616770eb980","type":"Microsoft.Flow/flows","properties":{"apiId":"/providers/Microsoft.PowerApps/apis/shared_logicflows","displayName":"Convert Attachment to PDF","definition":{"metadata":{"workflowEntityId":null,"flowclientsuspensionreason":"None","flowclientsuspensiontime":null,"creator":{"id":"62e61612-7e1a-40f0-99a8-b881c502a722","type":"User","tenantId":"f55ce5a3-27bc-4451-8ad8-f1a4359e8fa5"},"provisioningMethod":"FromDefinition","failureAlertSubscription":true,"clientLastModifiedTime":"2020-09-25T13:29:25.3443743Z"},"$schema":"https://schema.management.azure.com/providers/Microsoft.Logic/schemas/2016-06-01/workflowdefinition.json#","contentVersion":"1.0.0.0","parameters":{"$connections":{"defaultValue":{},"type":"Object"},"$authentication":{"defaultValue":{},"type":"SecureObject"}},"triggers":{"When_a_file_is_created":{"recurrence":{"frequency":"Minute","interval":1},"metadata":{"b!JepHutPXUEiTMdiFiC8ZNkaxH4Esh_dHuM1GIdn6-SN4zS7uxVEjRqe5f3Q1lLO3.014Q7TIO2VLT2R5W5AIREJW3Q4ED4PQ4QY":"/Attachments - PA"},"type":"OpenApiConnection","inputs":{"host":{"apiId":"/providers/Microsoft.PowerApps/apis/shared_onedriveforbusiness","connectionName":"shared_onedriveforbusiness","operationId":"OnNewFileV2"},"parameters":{"folderId":"b!JepHutPXUEiTMdiFiC8ZNkaxH4Esh_dHuM1GIdn6-SN4zS7uxVEjRqe5f3Q1lLO3.014Q7TIO2VLT2R5W5AIREJW3Q4ED4PQ4QY","includeSubfolders":false,"inferContentType":true},"authentication":"@parameters('$authentication')"}}},"actions":{"Approval_Email":{"runAfter":{},"type":"InitializeVariable","inputs":{"variables":[{"name":"approval_email","type":"string","value":"harry@htd3v.onmicrosoft.com"}]}},"Team_Name":{"runAfter":{"Approval_Email":["Succeeded"]},"type":"InitializeVariable","inputs":{"variables":[{"name":"team_name","type":"string","value":"htd3v"}]}},"Team_Channel":{"runAfter":{"Team_Name_ID":["Succeeded"]},"type":"InitializeVariable","inputs":{"variables":[{"name":"team_channel","type":"string","value":"General"}]}},"Convert_to_PDF":{"runAfter":{"Approval_from_User":["Succeeded"]},"type":"OpenApiConnection","inputs":{"host":{"apiId":"/providers/Microsoft.PowerApps/apis/shared_onedriveforbusiness","connectionName":"shared_onedriveforbusiness","operationId":"ConvertFileByPath"},"parameters":{"path":"@triggerOutputs()?['headers/x-ms-file-path-encoded']","type":"PDF"},"authentication":"@parameters('$authentication')"}},"Create_file":{"runAfter":{"Convert_to_PDF":["Succeeded"]},"type":"OpenApiConnection","inputs":{"host":{"apiId":"/providers/Microsoft.PowerApps/apis/shared_sharepointonline","connectionName":"shared_sharepointonline","operationId":"CreateFile"},"parameters":{"dataset":"https://htd3v.sharepoint.com/sites/@{variables('team_name')}","folderPath":"/Shared Documents/@{outputs('Approval_from_User')?['body/data/channel']}","name":"@outputs('Convert_to_PDF')?['headers/x-ms-file-name']","body":"@outputs('Convert_to_PDF')?['body']"},"authentication":"@parameters('$authentication')"},"runtimeConfiguration":{"contentTransfer":{"transferMode":"Chunked"}}},"Approval_from_User":{"runAfter":{"Team_Channel_ID":["Succeeded"]},"type":"OpenApiConnectionWebhook","inputs":{"host":{"apiId":"/providers/Microsoft.PowerApps/apis/shared_teams","connectionName":"shared_teams","operationId":"SubscribeUserFlowContinuation"},"parameters":{"UserFlowContinuationSubscriptionRequest/body/recipient/to":"@{variables('approval_email')};","UserFlowContinuationSubscriptionRequest/body/messageBody":"{\n    \"$schema\": \"http://adaptivecards.io/schemas/adaptive-card.json\",\n    \"type\": \"AdaptiveCard\",\n    \"version\": \"1.0\",\n    \"body\": [\n        {\n            \"type\": \"ColumnSet\",\n            \"columns\": [\n                {\n                    \"type\": \"Column\",\n                    \"width\": 2,\n                    \"items\": [\n                        {\n                            \"type\": \"TextBlock\",\n                            \"text\": \"New File Uploaded - @{triggerOutputs()?['headers/x-ms-file-name-encoded']}\",\n                            \"weight\": \"Bolder\",\n                            \"size\": \"Medium\"\n                        },\n                        {\n                            \"type\": \"TextBlock\",\n                            \"text\": \"A new document has been uploaded, please select where it will be moved to.\",\n                            \"isSubtle\": true,\n                            \"wrap\": true\n                        },\n                        {\n                            \"type\": \"Container\",\n                            \"items\": [\n                                {\n                                    \"type\": \"TextBlock\",\n                                    \"text\": \"Channel Name\\n\",\n                                    \"wrap\": true\n                                }\n                            ]\n                        }\n                    ]\n                }\n            ]\n        },\n        {\n            \"type\": \"Input.ChoiceSet\",\n            \"choices\": [\n                {\n                    \"title\": \"General\",\n                    \"value\": \"General\"\n                },\n                {\n                    \"title\": \"Learning Network\",\n                    \"value\": \"Learning Network\"\n                },\n                {\n                    \"title\": \"Media Coverage\",\n                    \"value\": \"Media Coverage\"\n                }\n            ],\n            \"placeholder\": \"General...\",\n            \"id\": \"channel\"\n        }\n    ],\n    \"actions\": [\n        {\n            \"type\": \"Action.Submit\",\n            \"title\": \"Submit\"\n        }\n    ]\n}","UserFlowContinuationSubscriptionRequest/body/updateMessage":"Thanks 👍","UserFlowContinuationSubscriptionRequest/body/shouldUpdateCard":true,"UserFlowContinuationSubscriptionRequest/body/recipient/isAlert":true},"authentication":"@parameters('$authentication')"}},"Create_sharing_link_for_a_file_or_folder":{"runAfter":{"Create_file":["Succeeded"]},"type":"OpenApiConnection","inputs":{"host":{"apiId":"/providers/Microsoft.PowerApps/apis/shared_sharepointonline","connectionName":"shared_sharepointonline","operationId":"CreateSharingLink"},"parameters":{"dataset":"https://htd3v.sharepoint.com/sites/@{variables('team_name')}","table":"Documents","id":"@outputs('Create_file')?['body/ItemId']","permission/type":"edit","permission/scope":"organization"},"authentication":"@parameters('$authentication')"}},"List_channels":{"runAfter":{"Find_Team_ID":["Succeeded"]},"type":"OpenApiConnection","inputs":{"host":{"apiId":"/providers/Microsoft.PowerApps/apis/shared_teams","connectionName":"shared_teams","operationId":"GetChannelsForGroup"},"parameters":{"groupId":"@variables('team_name_id')"},"authentication":"@parameters('$authentication')"}},"Find_Channel_ID":{"foreach":"@outputs('List_channels')?['body/value']","actions":{"Check_Channel_Names":{"actions":{"Update_Channel_ID":{"runAfter":{},"type":"AppendToStringVariable","inputs":{"name":"team_channel_id","value":"@items('Find_Channel_ID')?['id']"}}},"runAfter":{},"expression":{"equals":["@items('Find_Channel_ID')?['displayName']","@outputs('Approval_from_User')?['body/data/channel']"]},"type":"If"}},"runAfter":{"List_channels":["Succeeded"]},"type":"Foreach"},"Team_Name_ID":{"runAfter":{"Team_Name":["Succeeded"]},"type":"InitializeVariable","inputs":{"variables":[{"name":"team_name_id","type":"string"}]}},"Team_Channel_ID":{"runAfter":{"Team_Channel":["Succeeded"]},"type":"InitializeVariable","inputs":{"variables":[{"name":"team_channel_id","type":"string"}]}},"List_teams":{"runAfter":{"Create_sharing_link_for_a_file_or_folder":["Succeeded"]},"type":"OpenApiConnection","inputs":{"host":{"apiId":"/providers/Microsoft.PowerApps/apis/shared_teams","connectionName":"shared_teams","operationId":"GetAllTeams"},"parameters":{},"authentication":"@parameters('$authentication')"}},"Find_Team_ID":{"foreach":"@outputs('List_teams')?['body/value']","actions":{"Check_Team_Names":{"actions":{"Update_Team_ID":{"runAfter":{},"type":"AppendToStringVariable","inputs":{"name":"team_name_id","value":"@items('Find_Team_ID')?['id']"}}},"runAfter":{},"expression":{"equals":["@items('Find_Team_ID')?['displayName']","@variables('team_name')"]},"type":"If"}},"runAfter":{"List_teams":["Succeeded"]},"type":"Foreach"},"Post_a_message_as_the_Flow_bot_to_a_channel":{"runAfter":{"Find_Channel_ID":["Succeeded"]},"type":"OpenApiConnection","inputs":{"host":{"apiId":"/providers/Microsoft.PowerApps/apis/shared_teams","connectionName":"shared_teams","operationId":"PostChannelNotification"},"parameters":{"groupId":"@variables('team_name_id')","PostNotificationRequest/recipient/channelId":"@variables('team_channel_id')","PostNotificationRequest/messageBody":"[@{outputs('Create_file')?['body/DisplayName']}](@{outputs('Create_sharing_link_for_a_file_or_folder')?['body/link/webUrl']})"},"authentication":"@parameters('$authentication')"}}}},"connectionReferences":{"shared_onedriveforbusiness":{"connectionName":"shared-onedriveforbu-5fa091f7-10db-4fc2-8d05-1815dd77a867","source":"Embedded","id":"/providers/Microsoft.PowerApps/apis/shared_onedriveforbusiness","tier":"NotSpecified"},"shared_sharepointonline":{"connectionName":"8966c484b3154759a9ac88e8a63bde62","source":"Embedded","id":"/providers/Microsoft.PowerApps/apis/shared_sharepointonline","tier":"NotSpecified"},"shared_teams":{"connectionName":"86cdf72002f74dcea1a99f1eb11a4989","source":"Embedded","id":"/providers/Microsoft.PowerApps/apis/shared_teams","tier":"NotSpecified"}},"flowFailureAlertSubscribed":false}}