{"name":"3d719704-f861-4a65-9a74-869a74df73e2","id":"/providers/Microsoft.Flow/flows/3d719704-f861-4a65-9a74-869a74df73e2","type":"Microsoft.Flow/flows","properties":{"apiId":"/providers/Microsoft.PowerApps/apis/shared_logicflows","displayName":"Import Team User Details","definition":{"metadata":{"workflowEntityId":null,"flowclientsuspensionreason":"None","flowclientsuspensiontime":null,"creator":{"id":"62e61612-7e1a-40f0-99a8-b881c502a722","type":"User","tenantId":"f55ce5a3-27bc-4451-8ad8-f1a4359e8fa5"},"provisioningMethod":"FromDefinition","failureAlertSubscription":true,"clientLastModifiedTime":"2020-08-07T16:52:13.7448289Z"},"$schema":"https://schema.management.azure.com/providers/Microsoft.Logic/schemas/2016-06-01/workflowdefinition.json#","contentVersion":"1.0.0.0","parameters":{"$connections":{"defaultValue":{},"type":"Object"},"$authentication":{"defaultValue":{},"type":"SecureObject"}},"triggers":{"Recurrence":{"recurrence":{"frequency":"Week","interval":1,"startTime":"2020-08-07T09:00:00.000Z","schedule":{"weekDays":["Friday"]}},"type":"Recurrence"}},"actions":{"Get_Group_Details":{"runAfter":{"Set_Group_ID":["Succeeded"]},"type":"Http","inputs":{"method":"GET","uri":"https://graph.microsoft.com/v1.0/groups/@{variables('group_id')}/members","authentication":{"type":"ActiveDirectoryOAuth","tenant":"@variables('tenant_id')","audience":"https://graph.microsoft.com","clientId":"@variables('client_id')","secret":"@variables('secret')"}}},"Set_Group_ID":{"runAfter":{"Secret":["Succeeded"]},"type":"InitializeVariable","inputs":{"variables":[{"name":"group_id","type":"string","value":"5fc54fd4-acf7-4d6b-9c53-6a89e733b7c8"}]}},"Tenant_ID":{"runAfter":{"Client_ID":["Succeeded"]},"type":"InitializeVariable","inputs":{"variables":[{"name":"tenant_id","type":"string","value":"f55ce5a3-27bc-4451-8ad8-f1a4359e8fa5"}]}},"Client_ID":{"runAfter":{},"type":"InitializeVariable","inputs":{"variables":[{"name":"client_id","type":"string","value":"93e97dbc-3847-41ff-9f16-76dc103fd81c"}]}},"Secret":{"runAfter":{"Tenant_ID":["Succeeded"]},"type":"InitializeVariable","inputs":{"variables":[{"name":"secret","type":"string","value":"bW3cm.K18GVMJx6dW.1jO.BhrREaT~BPmK"}]}},"Parse_JSON":{"runAfter":{"Get_Group_Details":["Succeeded"]},"type":"ParseJson","inputs":{"content":"@body('Get_Group_Details')","schema":{"type":"object","properties":{"value":{"type":"array","items":{"type":"object","properties":{"id":{"type":"string"},"userPrincipalName":{"type":"string"}}}}}}}},"Check_if_name_exists":{"foreach":"@body('Parse_JSON')?['value']","actions":{"Get_items":{"runAfter":{},"type":"OpenApiConnection","inputs":{"host":{"apiId":"/providers/Microsoft.PowerApps/apis/shared_sharepointonline","connectionName":"shared_sharepointonline","operationId":"GetItems"},"parameters":{"dataset":"https://htd3v.sharepoint.com/sites/htd3v","table":"2a1d27b4-a500-49b4-a439-edb799b426f9","$filter":"Title eq '@{items('Check_if_name_exists')?['userPrincipalName']}'"},"authentication":"@parameters('$authentication')"}},"Condition":{"actions":{"Get_user_profile_(V2)_2":{"runAfter":{},"type":"OpenApiConnection","inputs":{"host":{"apiId":"/providers/Microsoft.PowerApps/apis/shared_office365users","connectionName":"shared_office365users","operationId":"UserProfile_V2"},"parameters":{"id":"@items('Check_if_name_exists')?['userPrincipalName']"},"authentication":"@parameters('$authentication')"}},"Create_item_2":{"runAfter":{"Get_user_profile_(V2)_2":["Succeeded"]},"type":"OpenApiConnection","inputs":{"host":{"apiId":"/providers/Microsoft.PowerApps/apis/shared_sharepointonline","connectionName":"shared_sharepointonline","operationId":"PostItem"},"parameters":{"dataset":"https://htd3v.sharepoint.com/sites/htd3v","table":"2a1d27b4-a500-49b4-a439-edb799b426f9","item/Title":"@outputs('Get_user_profile_(V2)_2')?['body/mail']","item/Department":"@outputs('Get_user_profile_(V2)_2')?['body/department']","item/OfficeLocation":"@outputs('Get_user_profile_(V2)_2')?['body/officeLocation']","item/JobTitle":"@outputs('Get_user_profile_(V2)_2')?['body/jobTitle']"},"authentication":"@parameters('$authentication')"}}},"runAfter":{"Get_items":["Succeeded"]},"expression":{"equals":[0,"@length(outputs('Get_items')?['body/value'])"]},"type":"If"}},"runAfter":{"Parse_JSON":["Succeeded"]},"type":"Foreach"},"List_Users_in_SP_List":{"runAfter":{"Parse_JSON":["Succeeded"]},"type":"OpenApiConnection","inputs":{"host":{"apiId":"/providers/Microsoft.PowerApps/apis/shared_sharepointonline","connectionName":"shared_sharepointonline","operationId":"GetItems"},"parameters":{"dataset":"https://htd3v.sharepoint.com/sites/htd3v","table":"2a1d27b4-a500-49b4-a439-edb799b426f9"},"authentication":"@parameters('$authentication')"}},"Apply_to_each":{"foreach":"@outputs('List_Users_in_SP_List')?['body/value']","actions":{"Filter_array":{"runAfter":{},"type":"Query","inputs":{"from":"@body('Parse_JSON')?['value']","where":"@equals(item()?['userPrincipalName'], items('Apply_to_each')?['Title'])"}},"Condition_2":{"actions":{"Delete_item":{"runAfter":{},"type":"OpenApiConnection","inputs":{"host":{"apiId":"/providers/Microsoft.PowerApps/apis/shared_sharepointonline","connectionName":"shared_sharepointonline","operationId":"DeleteItem"},"parameters":{"dataset":"https://htd3v.sharepoint.com/sites/htd3v","table":"2a1d27b4-a500-49b4-a439-edb799b426f9","id":"@items('Apply_to_each')?['ID']"},"authentication":"@parameters('$authentication')"}}},"runAfter":{"Filter_array":["Succeeded"]},"expression":{"equals":[0,"@length(body('Filter_array'))"]},"type":"If"}},"runAfter":{"List_Users_in_SP_List":["Succeeded"]},"type":"Foreach"}}},"connectionReferences":{"shared_sharepointonline":{"connectionName":"8966c484b3154759a9ac88e8a63bde62","source":"Embedded","id":"/providers/Microsoft.PowerApps/apis/shared_sharepointonline","tier":"NotSpecified"},"shared_office365users":{"connectionName":"shared-office365user-7314939d-90a8-419a-b394-96eb91341559","source":"Embedded","id":"/providers/Microsoft.PowerApps/apis/shared_office365users","tier":"NotSpecified"}},"flowFailureAlertSubscribed":false}}