{"name":"845ee53c-44ef-4f86-9723-2d14cddd23c6","id":"/providers/Microsoft.Flow/flows/845ee53c-44ef-4f86-9723-2d14cddd23c6","type":"Microsoft.Flow/flows","properties":{"apiId":"/providers/Microsoft.PowerApps/apis/shared_logicflows","displayName":"Request Team","definition":{"metadata":{"workflowEntityId":null,"creator":{"id":"62e61612-7e1a-40f0-99a8-b881c502a722","type":"User","tenantId":"f55ce5a3-27bc-4451-8ad8-f1a4359e8fa5"},"provisioningMethod":"FromDefinition","failureAlertSubscription":true,"clientLastModifiedTime":"2020-07-13T13:39:15.0022356Z"},"$schema":"https://schema.management.azure.com/providers/Microsoft.Logic/schemas/2016-06-01/workflowdefinition.json#","contentVersion":"1.0.0.0","parameters":{"$connections":{"defaultValue":{},"type":"Object"},"$authentication":{"defaultValue":{},"type":"SecureObject"}},"triggers":{"When_a_new_response_is_submitted":{"splitOn":"@triggerOutputs()?['body/value']","type":"OpenApiConnectionWebhook","inputs":{"host":{"apiId":"/providers/Microsoft.PowerApps/apis/shared_microsoftforms","connectionName":"shared_microsoftforms","operationId":"CreateFormWebhook"},"parameters":{"form_id":"o-Vc9bwnUUSK2PGkNZ6PpRIW5mIafvBAmai4gcUCpyJUNkNaOFhHRklZUlNCUVBSUVUySkw5RzRXUS4u"},"authentication":"@parameters('$authentication')"}}},"actions":{"Get_response_details":{"runAfter":{},"type":"OpenApiConnection","inputs":{"host":{"apiId":"/providers/Microsoft.PowerApps/apis/shared_microsoftforms","connectionName":"shared_microsoftforms","operationId":"GetFormResponseById"},"parameters":{"form_id":"o-Vc9bwnUUSK2PGkNZ6PpRIW5mIafvBAmai4gcUCpyJUNkNaOFhHRklZUlNCUVBSUVUySkw5RzRXUS4u","response_id":"@triggerOutputs()?['body/resourceData/responseId']"},"authentication":"@parameters('$authentication')"}},"Start_and_wait_for_an_approval":{"runAfter":{"Apply_to_each":["Succeeded"]},"type":"OpenApiConnectionWebhook","inputs":{"host":{"apiId":"/providers/Microsoft.PowerApps/apis/shared_approvals","connectionName":"shared_approvals","operationId":"StartAndWaitForAnApproval"},"parameters":{"approvalType":"Basic","WebhookApprovalCreationInput/title":"Approve new team request: @{outputs('Get_response_details')?['body/r0531738f1d514deb8222b38027154803']} ","WebhookApprovalCreationInput/assignedTo":"@variables('Group Member Emails')","WebhookApprovalCreationInput/details":"Approve new team request of @{outputs('Get_response_details')?['body/r0531738f1d514deb8222b38027154803']} that has been requested by @{outputs('Get_response_details')?['body/responder']}. It will be used for: @{outputs('Get_response_details')?['body/re49520fcba4e44fcb56fc9ed5dd2f36f']}","WebhookApprovalCreationInput/enableNotifications":true,"WebhookApprovalCreationInput/enableReassignment":true},"authentication":"@parameters('$authentication')"}},"Condition":{"actions":{"Create_job":{"runAfter":{},"type":"OpenApiConnection","inputs":{"host":{"apiId":"/providers/Microsoft.PowerApps/apis/shared_azureautomation","connectionName":"shared_azureautomation","operationId":"CreateJob"},"parameters":{"subscriptionId":"e5ff925d-b627-4194-9434-77efa034213d","resourceGroupName":"rg-createteam","automationAccount":"aa-createteam","runbookName":"CreateTeam_Script","wait":true,"body/properties/parameters/teamname":"@outputs('Get_response_details')?['body/r0531738f1d514deb8222b38027154803']","body/properties/parameters/teamowner":"@outputs('Get_response_details')?['body/rc77595b511244852b8091bed3713937c']","body/properties/parameters/teamDescription":"@outputs('Get_response_details')?['body/re49520fcba4e44fcb56fc9ed5dd2f36f']","body/properties/parameters/teamVisibility":"@outputs('Get_response_details')?['body/rb890c9c1035a451c9c6e952b3fec2ef6']"},"authentication":"@parameters('$authentication')"}},"Post_a_message_as_the_Flow_bot_to_a_user":{"runAfter":{"Create_job":["Succeeded"]},"type":"OpenApiConnection","inputs":{"host":{"apiId":"/providers/Microsoft.PowerApps/apis/shared_teams","connectionName":"shared_teams","operationId":"PostUserNotification"},"parameters":{"PostNotificationRequest/messageTitle":"🎉 Your team @{outputs('Get_response_details')?['body/r0531738f1d514deb8222b38027154803']} has been created 🎉","PostNotificationRequest/recipient/to":"@{outputs('Get_response_details')?['body/responder']};","PostNotificationRequest/messageBody":"Thank you for requesting a team - you should be able to see it in the list of teams you have available."},"authentication":"@parameters('$authentication')"}},"Create_item":{"runAfter":{"Post_a_message_as_the_Flow_bot_to_a_user":["Succeeded"]},"type":"OpenApiConnection","inputs":{"host":{"apiId":"/providers/Microsoft.PowerApps/apis/shared_sharepointonline","connectionName":"shared_sharepointonline","operationId":"PostItem"},"parameters":{"dataset":"https://htd3v.sharepoint.com/sites/htd3v","table":"e2b2ed91-6253-44df-b0a3-1f2ac2dd8690","item/Title":"@outputs('Get_response_details')?['body/r0531738f1d514deb8222b38027154803']","item/Description":"@outputs('Get_response_details')?['body/re49520fcba4e44fcb56fc9ed5dd2f36f']"},"authentication":"@parameters('$authentication')"}}},"runAfter":{"Start_and_wait_for_an_approval":["Succeeded"]},"else":{"actions":{"Post_a_message_as_the_Flow_bot_to_a_user_2":{"runAfter":{},"type":"OpenApiConnection","inputs":{"host":{"apiId":"/providers/Microsoft.PowerApps/apis/shared_teams","connectionName":"shared_teams","operationId":"PostUserNotification"},"parameters":{"PostNotificationRequest/messageTitle":"Your team request has been denied","PostNotificationRequest/recipient/to":"@{outputs('Get_response_details')?['body/responder']};","PostNotificationRequest/messageBody":"Please see the following for more info: @{outputs('Start_and_wait_for_an_approval')?['body/responseSummary']}"},"authentication":"@parameters('$authentication')"}}}},"expression":{"equals":["@outputs('Start_and_wait_for_an_approval')?['body/outcome']","Approve"]},"type":"If"},"VAR_Group_Member_Emails":{"runAfter":{"Get_response_details":["Succeeded"]},"type":"InitializeVariable","inputs":{"variables":[{"name":"Group Member Emails","type":"string"}]}},"Apply_to_each":{"foreach":"@outputs('Get_group_members')?['body/value']","actions":{"Make_sure_no_duplicates":{"actions":{"Append_to_string_variable":{"runAfter":{},"type":"AppendToStringVariable","inputs":{"name":"Group Member Emails","value":"@{items('Apply_to_each')?['mail']};"}}},"runAfter":{},"expression":{"not":{"contains":["@variables('Group Member Emails')","@items('Apply_to_each')?['mail']"]}},"type":"If"}},"runAfter":{"Get_group_members":["Succeeded"]},"type":"Foreach"},"Get_group_members":{"runAfter":{"VAR_Group_Member_Emails":["Succeeded"]},"type":"OpenApiConnection","inputs":{"host":{"apiId":"/providers/Microsoft.PowerApps/apis/shared_azuread","connectionName":"shared_azuread","operationId":"GetGroupMembers"},"parameters":{"id":"f29ecf57-c5f0-4ca6-b16e-dae7a26b7891"},"authentication":"@parameters('$authentication')"},"description":"Must be group of people who approve teams requests."}}},"connectionReferences":{"shared_microsoftforms":{"connectionName":"shared-microsoftform-e81a4e84-ab37-4fa9-b3f2-42abadf98cdf","source":"Embedded","id":"/providers/Microsoft.PowerApps/apis/shared_microsoftforms","tier":"NotSpecified"},"shared_approvals":{"connectionName":"shared-approvals-1f79827d-5400-4501-9ad6-f13aaff840c5","source":"Embedded","id":"/providers/Microsoft.PowerApps/apis/shared_approvals","tier":"NotSpecified"},"shared_azureautomation":{"connectionName":"shared-azureautomati-57ac4261-ba12-436c-89c5-dbc43a6143c7","source":"Embedded","id":"/providers/Microsoft.PowerApps/apis/shared_azureautomation","tier":"NotSpecified"},"shared_teams":{"connectionName":"86cdf72002f74dcea1a99f1eb11a4989","source":"Embedded","id":"/providers/Microsoft.PowerApps/apis/shared_teams","tier":"NotSpecified"},"shared_sharepointonline":{"connectionName":"8966c484b3154759a9ac88e8a63bde62","source":"Embedded","id":"/providers/Microsoft.PowerApps/apis/shared_sharepointonline","tier":"NotSpecified"},"shared_azuread":{"connectionName":"shared-azuread-95175074-4af4-461c-92d6-3b0fe5164ab4","source":"Embedded","id":"/providers/Microsoft.PowerApps/apis/shared_azuread","tier":"NotSpecified"}},"flowFailureAlertSubscribed":false}}